"#","No Waran","Tarikh Waran","Status Waran","Tahun","OS","Jumlah Waran","Catatan",""
"<td>1</td>","91000003","2018-01-04","Asal","2018","11000","15405000","Peruntukan Mengurus 2018",""
"<td>2</td>","91000003","2018-01-04","Asal","2018","12000","4425487","Peruntukan Mengurus 2018",""
"<td>3</td>","91000003","2018-01-04","Asal","2018","13000","73284","Peruntukan Mengurus 2018",""
"<td>4</td>","91000003","2018-01-04","Asal","2018","14000","80000","Peruntukan Mengurus 2018",""
"<td>5</td>","91000003","2018-01-04","Asal","2018","15000","150000","Peruntukan Mengurus 2018",""
"<td>6</td>","91000003","2018-01-04","Asal","2018","21000","457919","Peruntukan Mengurus 2018",""
"<td>7</td>","91000003","2018-01-04","Asal","2018","22000","6588","Peruntukan Mengurus 2018",""
"<td>8</td>","91000003","2018-01-04","Asal","2018","23000","1161052","Peruntukan Mengurus 2018",""
"<td>9</td>","91000003","2018-01-04","Asal","2018","24000","202450","Peruntukan Mengurus 2018",""
"<td>10</td>","91000003","2018-01-04","Asal","2018","26000","282800","peruntukan Mengurus 2018",""
"<td>11</td>","91000003","2018-01-04","Asal","2018","27000","207130","Peruntukan Mengurus 2018",""
"<td>12</td>","91000003","2018-01-04","Asal","2018","28000","1317500","Peruntukan Mengurus 2018",""
"<td>13</td>","91000003","2018-01-04","Asal","2018","29000","3245184","Peruntukan Mengurus 2018",""
"<td>14</td>","91000003","2018-01-04","Asal","2018","41000","7870000","Peruntukan Mengurus 2018",""
"<td>15</td>","AMANAH SPD1","2018-01-17","Asal","2018","AMANAH","14500.8","Permohonan peruntukan amanah dari SPD seperti email bertarikh 16/1/2018",""
"<td>16</td>","91000011","2018-01-15","Asal","2018","P46-03200","350000","Waran Peruntukan Pembangunan 2018",""
"<td>17</td>","91000011","2018-01-15","Asal","2018","P46-09300","4000000","Waran Peruntukan Pembangunan 2018",""
"<td>18</td>","91000014","2018-01-22","Asal","2018","P46-09300","1300000","Waran Peruntukan Pembangunan 2018",""
"<td>19</td>","AMANAH PPK1","2018-01-29","Asal","2018","AMANAH","50000","Peruntukan Amanah JPK yang telah di luluskan bagi projek Pegawai Pengesah Luaran (PPL) Kendiri CIAST dan CSC.Permohonan untuk mendahulukan Amanh CIAST seperti di email bertarikh 29 Januari 2018",""
"<td>20</td>","AMANAH SPD2","2018-02-01","Tambah","2018","AMANAH","10000","Peruntukan amanah JPK yang didahulukan dengan Amanah CIAST bagi T&amp;T lawatan penilaian internship seperti di email bertarikh 29/1/2018 ",""
"<td>21</td>","AMANAH SPD3","2018-02-01","Tambah","2018","AMANAH","22500","Peruntukan amanah JPK yang didahulukan dengan Amanah CIAST  seperti permohonan di email bertarikh 29/1/2018",""
"<td>22</td>","91000032","2018-01-29","Tambah","2018","P46-09300","2000000","Tambahan kepada Waran Peruntukan Pembangunan 09300/002/0004",""
"<td>23</td>","AMANAH KK1","2018-02-14","Asal","2018","AMANAH","120000","Peruntukan Amanah bagi Unit KK untuk tuntutan penceramah seperti email bertarikh 6/2/2018",""
"<td>24</td>","AMANAH SPD4","2018-02-19","Tambah","2018","AMANAH","12000","Permohonan amanh SPD bagi laporan tahunan CIAST. Peruntukan amanh CIAST yg telah diluluskan di Mesy Amanh Bil 1/2018. ruj email bertarikh 19/2/2017",""
"<td>25</td>","AMANAH PEM1","2018-03-01","Asal","2018","AMANAH","500","permohonan amanah PEM seperti diemail bertarikh 1/3/2018",""
"<td>26</td>","91000046","2018-02-26","Tarik","2018","P46-09300","-2000000","Waran Tarik Balik seperti memo dr JPK bertarikh 26/2/2018",""
"<td>27</td>","91000048","2018-03-05","Tarik","2018","29000","-50000","Peruntukan ditarik untuk dipindahkan ke OS22000- memo kepada JPK bertarikh 23/2/2018 ",""
"<td>28</td>","91000048","2018-03-05","Tarik","2018","26000","-20000","Peruntukan ditarik untuk dipindahkan ke OS22000-memo kepada JPK bertarikh 23/2/2018",""
"<td>29</td>","91000048","2018-03-05","Tarik","2018","21000","-10000","peruntukan ditarik untuk dipindahkan ke OS22000-memo kepada JPK bertarikh 23/2/2018",""
"<td>30</td>","91000049","2018-03-05","Tambah","2018","22000","80000","peruntukan ditambah setelah pindahan dari OS21000,26000 dan 29000-memo kepada JPK bertarikh 23/2/2018",""
"<td>31</td>","AMANAH PEM2","2018-03-08","Tambah","2018","AMANAH","62500","permohonan amanah PEM seperti diemail bertarikh 2/3/2018 ",""
"<td>32</td>","AMANAH KK2","2018-03-16","Tambah","2018","AMANAH","50000","Permohonan peruntukan amanah KK seperti diemail bertarikh 9/3/2018",""
"<td>33</td>","91001525","2018-03-13","Asal","2018","P13-00500","272000","Waran peruntukan MTCP 2018",""
"<td>34</td>","AMANAH SPD5","2018-03-26","Tambah","2018","AMANAH","65500","PERMOHONAN PERUNTUKAN AMANAH SPD SEPERTI EMAIL BERTARIKH 16/3/2018",""
"<td>35</td>","AMANAH PPL1","2018-04-02","Asal","2018","AMANAH","64000","Peruntukan Amanah seperti yang telah diluluskan di Mesyuarat Amanah Bil 1/2018  ",""
"<td>36</td>","AMANAH PPK2","2018-04-03","Tambah","2018","AMANAH","32240","Permohonan Amanah PPK seperti email bertarikh  3/4/2018",""
"<td>37</td>","AMANAH PPK3","2018-04-03","Tambah","2018","AMANAH","2000","mencukupkan jumlah peruntukan amanah PPK yang dipohon melalui email bertarikh 3/4/2018 yang terkurang disalurkan",""
"<td>38</td>","91000059","2018-04-13","Tarik","2018","41000","-200000","Waran Tarik Balik dari pihak JPK bertarikh 13.4.2018",""
"<td>39</td>","91000059","2018-04-13","Tarik","2018","47000","-50000","",""
"<td>40</td>","Test","2018-04-10","Tambah","2018","11000","10090","Dari JPK",""
